TransactionID,CustomerID,Amount,LocationCity,TransactionDateTime,AccountBalanceAfter,MerchantID,MCC,AccountType
0,0,4910.94,Fayoum,2024-05-24 12:25:03,4157.6,72,5912,CREDIT_CARD
1,2,719.31,Aswan,2024-01-13 08:31:59,2422.37,6,5651,DEBIT
2,2,3842.89,Aswan,2024-05-08 19:44:33,1215.4,30,5912,CREDIT_CARD
3,0,4877.27,Alexandria,2024-06-22 09:00:55,6179.31,21,5912,DEBIT
4,3,1143.34,Tanta,2024-11-05 13:16:43,3164.82,97,5732,CREDIT_CARD
5,3,4945.1,Fayoum,2024-04-01 04:47:10,4347.04,4,5999,CREDIT_CARD
6,0,4292.94,Fayoum,2024-10-21 13:07:03,6658.36,23,5732,DEBIT
7,0,2691.4,Alexandria,2024-01-29 15:22:02,5482.58,99,5941,CREDIT_CARD
8,1,673.68,Mansoura,2024-11-29 23:21:57,534.66,99,5912,DEBIT
9,3,3488.89,Alexandria,2025-01-03 16:09:34,139.93,24,5941,DEBIT
10,1,1852.66,Fayoum,2024-05-22 09:37:36,4998.98,60,5999,DEBIT
11,4,4413.17,Tanta,2024-03-24 05:57:42,9925.84,26,5912,CREDIT_CARD
12,4,2944.76,Mansoura,2024-11-12 11:12:48,1114.68,50,5651,DEBIT
13,3,223.84,Port Said,2024-11-20 18:32:36,6080.39,16,5732,DEBIT
14,4,480.64,Giza,2024-03-23 02:03:23,5620.55,44,5999,DEBIT
15,4,1086.65,Luxor,2024-01-29 21:22:37,5812.75,55,5651,CREDIT_CARD
16,4,2870.16,Luxor,2024-11-01 09:27:05,5932.4,51,5941,DEBIT
17,1,1876.46,Giza,2024-10-08 07:13:51,6034.0,95,5812,DEBIT
18,2,4994.55,Mansoura,2024-05-01 07:02:28,767.33,75,5411,CREDIT_CARD
19,2,3616.45,Mansoura,2024-02-23 19:51:47,5983.73,88,5912,DEBIT
20,3,2391.66,Port Said,2024-08-06 10:05:41,2104.19,34,5999,CREDIT_CARD
21,2,1881.39,Suez,2024-04-13 15:49:03,8321.63,49,5912,DEBIT
22,4,2372.4,Suez,2024-02-17 20:00:13,860.58,42,5912,CREDIT_CARD
23,4,3690.74,Tanta,2024-10-09 02:31:21,993.27,29,5411,DEBIT
24,3,82.29,Cairo,2024-04-11 17:36:35,8990.1,2,5812,CREDIT_CARD
25,1,2476.96,Giza,2024-04-01 00:19:22,9359.33,35,5912,CREDIT_CARD
26,3,4424.86,Port Said,2024-02-27 04:51:00,9004.55,41,5912,CREDIT_CARD
27,1,2759.62,Cairo,2024-09-10 02:32:22,3489.26,77,5941,CREDIT_CARD
28,4,70.27,Cairo,2024-08-10 04:43:57,8203.38,27,5732,CREDIT_CARD
29,2,2944.87,Fayoum,2024-08-24 05:33:20,658.19,48,5411,CREDIT_CARD
30,2,2784.49,Port Said,2024-05-14 00:34:56,8918.91,78,5732,CREDIT_CARD
31,1,2778.26,Mansoura,2024-10-21 22:17:24,3573.34,51,5411,CREDIT_CARD
32,0,3407.92,Tanta,2024-05-13 12:49:33,2726.38,96,5912,CREDIT_CARD
33,4,168.74,Aswan,2024-08-07 08:15:47,6304.32,58,5941,CREDIT_CARD
34,1,1692.15,Tanta,2024-08-12 03:18:58,2189.78,96,5912,CREDIT_CARD
35,1,265.03,Port Said,2024-05-20 23:33:31,8591.93,84,5732,CREDIT_CARD
36,0,830.82,Alexandria,2024-06-20 01:28:41,3292.48,93,5732,CREDIT_CARD
37,3,918.79,Fayoum,2024-02-13 07:08:54,708.94,58,5999,DEBIT
38,2,3694.36,Fayoum,2024-10-16 14:47:32,294.75,41,5999,CREDIT_CARD
39,0,624.69,Giza,2024-07-28 22:42:06,4562.38,92,5812,CREDIT_CARD
40,3,2160.58,Suez,2024-05-30 04:26:42,5186.12,92,5732,DEBIT
41,2,4697.06,Tanta,2024-07-18 19:10:21,4224.2,22,5912,DEBIT
42,2,1978.86,Port Said,2024-06-23 02:31:00,1314.47,87,5941,CREDIT_CARD
43,2,407.66,Tanta,2024-01-24 14:20:14,990.05,61,5912,CREDIT_CARD
44,1,3234.78,Luxor,2024-10-21 09:46:47,9616.18,3,5812,DEBIT
45,2,4426.64,Mansoura,2024-12-15 02:48:16,2057.5,46,5941,CREDIT_CARD
46,4,3748.91,Alexandria,2024-12-14 02:37:27,3912.74,53,5732,CREDIT_CARD
47,1,259.83,Luxor,2024-06-11 15:47:51,8733.58,88,5411,DEBIT
48,1,2781.3,Fayoum,2024-06-03 02:29:06,3533.95,49,5941,DEBIT
49,3,4498.35,Fayoum,2024-07-04 12:18:03,9699.14,20,5812,CREDIT_CARD
50,3,3173.83,Tanta,2024-12-15 18:48:39,1276.98,12,5651,DEBIT
51,1,3238.41,Aswan,2024-06-05 18:34:37,7772.19,9,5732,DEBIT
52,1,567.6,Cairo,2024-07-19 01:02:10,7835.37,3,5411,DEBIT
53,0,2156.04,Suez,2024-07-15 16:42:15,4595.33,20,5732,CREDIT_CARD
54,3,830.3,Cairo,2024-11-27 17:51:20,4061.32,24,5651,CREDIT_CARD
55,4,1675.21,Fayoum,2024-04-04 18:29:48,5140.58,66,5411,DEBIT
56,0,1110.28,Aswan,2024-06-07 19:27:25,6337.04,71,5651,CREDIT_CARD
57,3,841.37,Tanta,2024-06-12 13:30:19,9421.13,93,5651,DEBIT
58,1,2131.19,Tanta,2024-07-30 16:24:46,3497.45,75,5941,CREDIT_CARD
59,0,4263.16,Aswan,2024-02-03 09:22:54,9417.72,23,5732,CREDIT_CARD
60,0,606.02,Aswan,2024-01-28 23:27:58,470.94,94,5651,CREDIT_CARD
61,2,1655.86,Giza,2024-04-26 09:27:02,9924.27,6,5999,CREDIT_CARD
62,1,1216.86,Luxor,2024-02-27 05:49:24,6472.05,67,5999,DEBIT
63,4,1961.77,Luxor,2024-04-07 01:20:52,330.79,83,5912,CREDIT_CARD
64,3,3782.44,Mansoura,2024-03-01 07:07:33,2149.04,95,5411,DEBIT
65,4,4755.0,Fayoum,2024-01-29 12:47:17,5189.27,67,5999,CREDIT_CARD
66,3,2658.7,Port Said,2024-10-07 17:03:25,4890.66,89,5812,CREDIT_CARD
67,0,3126.05,Mansoura,2024-07-26 00:35:28,9181.5,5,5732,CREDIT_CARD
68,4,2741.68,Luxor,2024-12-28 16:50:56,1997.42,47,5411,CREDIT_CARD
69,2,3813.89,Cairo,2024-10-16 19:48:02,1691.29,53,5912,CREDIT_CARD
70,0,452.41,Fayoum,2024-07-05 05:05:18,204.37,99,5812,DEBIT
71,4,2634.62,Alexandria,2024-09-25 23:07:09,184.93,87,5812,CREDIT_CARD
72,0,3939.05,Alexandria,2024-05-14 05:42:16,4029.04,42,5999,CREDIT_CARD
73,2,833.22,Suez,2024-04-16 06:51:17,5623.35,95,5812,CREDIT_CARD
74,1,4191.1,Fayoum,2024-10-19 03:10:08,9496.04,56,5411,DEBIT
75,0,381.83,Luxor,2024-08-10 05:36:08,2215.4,19,5411,DEBIT
76,0,4307.53,Port Said,2024-06-29 18:01:39,581.55,14,5912,CREDIT_CARD
77,3,1289.44,Luxor,2024-03-23 03:18:03,6361.21,31,5999,DEBIT
78,3,2442.91,Aswan,2024-09-15 07:15:49,9658.5,26,5411,DEBIT
79,2,2605.51,Aswan,2024-12-04 05:00:17,5591.06,64,5732,DEBIT
80,2,2227.38,Cairo,2024-06-19 21:12:59,9067.84,8,5812,CREDIT_CARD
81,1,1623.92,Tanta,2024-07-14 06:19:07,4942.81,96,5411,CREDIT_CARD
82,2,2937.22,Mansoura,2024-09-18 05:47:42,1829.9,39,5732,DEBIT
83,2,4095.03,Aswan,2024-12-17 12:30:28,4373.23,80,5812,DEBIT
84,1,800.92,Fayoum,2024-01-30 18:48:11,9472.01,2,5732,CREDIT_CARD
85,4,4730.59,Fayoum,2024-10-24 14:59:48,4877.23,12,5732,CREDIT_CARD
86,4,3165.15,Alexandria,2024-01-22 18:58:05,2428.24,70,5411,CREDIT_CARD
87,4,3300.17,Fayoum,2025-01-03 09:33:15,5282.45,10,5812,DEBIT
88,2,3586.72,Tanta,2024-08-18 14:15:50,1734.77,57,5812,DEBIT
89,0,3906.27,Port Said,2024-10-14 23:24:03,2736.45,93,5912,CREDIT_CARD
90,4,1825.66,Aswan,2024-04-25 22:18:37,8736.24,15,5999,DEBIT
91,3,2032.55,Mansoura,2024-11-05 18:08:18,875.19,18,5411,CREDIT_CARD
92,0,3410.0,Suez,2024-12-26 06:31:34,2163.23,13,5941,DEBIT
93,2,3351.14,Giza,2024-06-13 13:19:33,2658.3,96,5912,CREDIT_CARD
94,0,3518.03,Port Said,2024-11-24 05:30:18,8641.57,77,5411,DEBIT
95,4,2301.7,Tanta,2024-07-29 12:17:31,9138.13,50,5912,DEBIT
96,2,941.09,Fayoum,2024-05-06 17:12:24,389.64,23,5941,CREDIT_CARD
97,1,3199.01,Suez,2024-02-09 07:17:08,9082.3,94,5941,DEBIT
98,4,1904.17,Luxor,2024-06-09 18:01:35,8033.24,97,5912,DEBIT
99,4,1326.18,Mansoura,2024-02-14 00:48:39,4683.96,7,5941,CREDIT_CARD
100,0,721.17,Luxor,2024-11-08 00:01:28,6470.55,67,5812,CREDIT_CARD
101,1,4231.93,Suez,2024-06-19 18:04:09,5878.02,41,5732,DEBIT
102,4,1022.08,Luxor,2024-08-20 19:19:10,1760.27,21,5651,DEBIT
103,1,2561.14,Port Said,2024-02-06 15:54:32,7923.82,23,5411,DEBIT
104,3,179.45,Fayoum,2024-12-13 20:29:04,3887.47,42,5941,DEBIT
105,4,47.67,Port Said,2024-11-05 07:00:41,1939.93,66,5941,DEBIT
106,1,3712.82,Tanta,2024-09-29 14:18:09,210.24,6,5941,DEBIT
107,4,1829.37,Giza,2024-07-27 01:39:54,277.65,28,5411,DEBIT
108,3,299.11,Port Said,2024-12-27 09:57:40,8953.28,66,5812,CREDIT_CARD
109,0,1347.69,Mansoura,2024-11-08 01:07:47,1740.89,63,5651,CREDIT_CARD
110,1,814.78,Alexandria,2024-12-26 19:08:53,2715.43,53,5999,CREDIT_CARD
111,4,4151.01,Aswan,2024-05-26 10:23:45,4115.92,86,5411,CREDIT_CARD
112,2,2539.9,Luxor,2025-01-04 00:46:35,1652.42,43,5812,DEBIT
113,0,1935.73,Giza,2024-10-01 01:47:01,4317.23,8,5812,DEBIT
114,1,3675.77,Fayoum,2024-10-05 01:17:20,2777.14,63,5411,DEBIT
115,1,788.78,Port Said,2024-01-31 18:05:05,2021.17,89,5812,CREDIT_CARD
116,1,3023.82,Port Said,2024-10-06 18:16:32,8443.41,27,5812,CREDIT_CARD
117,2,3613.02,Suez,2024-12-06 00:43:26,8422.91,18,5411,CREDIT_CARD
118,0,250.55,Cairo,2024-03-02 17:27:16,8581.53,37,5732,DEBIT
119,2,626.51,Cairo,2024-10-07 01:48:47,2134.96,84,5411,CREDIT_CARD
120,2,18.33,Suez,2024-12-26 09:00:07,1376.45,92,5732,DEBIT
121,0,2336.48,Aswan,2024-12-04 23:03:45,6680.8,62,5999,DEBIT
122,2,3344.58,Alexandria,2024-04-17 01:11:03,6193.85,36,5912,CREDIT_CARD
123,4,2898.64,Alexandria,2024-02-17 05:50:58,3611.84,44,5651,DEBIT
124,0,2642.66,Fayoum,2024-12-16 11:13:30,8434.23,1,5999,DEBIT
125,3,1559.96,Suez,2024-09-11 21:43:41,5801.43,36,5411,DEBIT
126,3,2146.79,Mansoura,2024-07-14 01:55:16,8028.03,46,5941,DEBIT
127,2,1994.72,Port Said,2024-10-20 02:30:48,8626.4,93,5941,DEBIT
128,3,3790.34,Fayoum,2024-05-20 13:41:25,6236.08,94,5941,DEBIT
129,2,4330.41,Port Said,2024-12-20 00:31:41,3866.79,13,5732,CREDIT_CARD
130,0,4422.98,Fayoum,2024-12-19 13:50:00,6608.26,66,5941,CREDIT_CARD
131,3,1136.42,Fayoum,2024-11-24 03:15:48,6414.18,90,5912,DEBIT
132,2,808.44,Tanta,2024-07-14 02:15:03,482.62,98,5651,DEBIT
133,0,2961.31,Mansoura,2024-10-19 00:07:32,1407.81,14,5941,CREDIT_CARD
134,2,2485.27,Luxor,2024-01-26 12:51:01,2081.52,24,5812,DEBIT
135,3,104.02,Mansoura,2024-02-26 06:48:20,8294.13,54,5812,DEBIT
136,3,2943.64,Luxor,2024-10-22 16:18:19,6648.26,44,5812,DEBIT
137,4,3168.45,Luxor,2024-05-04 12:16:44,8080.55,26,5812,DEBIT
138,3,3871.45,Fayoum,2024-12-03 05:43:00,823.85,30,5732,CREDIT_CARD
139,2,4275.95,Luxor,2024-07-02 20:59:10,7391.54,91,5812,DEBIT
140,1,2259.44,Cairo,2024-06-29 21:46:37,3282.61,24,5732,CREDIT_CARD
141,1,2571.55,Fayoum,2024-09-26 01:27:29,883.21,68,5912,DEBIT
142,0,2250.49,Aswan,2024-09-25 02:00:31,8410.56,39,5941,CREDIT_CARD
143,0,4676.94,Fayoum,2024-10-28 19:20:43,4165.03,48,5651,DEBIT
144,1,765.01,Alexandria,2024-11-29 10:28:39,363.55,81,5941,CREDIT_CARD
145,4,2157.5,Suez,2024-02-27 18:09:04,1200.93,22,5941,DEBIT
146,2,2023.18,Giza,2024-07-20 10:03:26,6381.26,1,5912,CREDIT_CARD
147,0,2876.86,Aswan,2024-11-26 09:35:04,6479.31,7,5912,DEBIT
148,0,1729.18,Luxor,2024-11-18 06:10:48,7491.52,56,5812,DEBIT
149,0,2770.44,Alexandria,2024-09-26 08:18:53,188.28,38,5812,CREDIT_CARD
150,2,3549.74,Alexandria,2024-02-14 08:07:16,3480.19,79,5651,CREDIT_CARD
151,0,603.0,Mansoura,2024-09-30 13:43:26,8079.93,1,5651,DEBIT
152,0,4487.41,Alexandria,2024-03-11 14:56:28,5563.97,23,5732,CREDIT_CARD
153,4,1954.76,Suez,2024-02-22 16:47:59,7953.44,80,5411,DEBIT
154,2,4137.93,Mansoura,2024-07-09 22:34:23,8197.59,32,5732,CREDIT_CARD
155,0,3642.59,Giza,2024-03-05 08:31:54,389.12,30,5812,DEBIT
156,0,2776.06,Port Said,2024-10-05 20:43:47,2705.81,12,5812,DEBIT
157,2,850.89,Aswan,2024-08-23 22:05:37,5476.62,10,5812,DEBIT
158,3,4698.05,Aswan,2024-12-05 16:05:57,7876.36,49,5411,DEBIT
159,3,1823.18,Cairo,2024-05-02 15:02:00,5334.92,71,5912,DEBIT
160,3,1337.89,Alexandria,2024-05-24 11:24:21,2977.26,18,5411,CREDIT_CARD
161,3,3814.08,Luxor,2024-10-20 05:35:15,3072.55,99,5411,DEBIT
162,4,3161.27,Tanta,2024-09-29 16:29:57,4027.71,87,5732,CREDIT_CARD
163,0,81.4,Alexandria,2024-05-30 01:27:30,9420.71,55,5732,DEBIT
164,0,2522.93,Cairo,2024-03-13 02:27:15,5467.9,26,5812,DEBIT
165,2,2646.75,Tanta,2024-02-14 11:39:22,7787.27,39,5732,CREDIT_CARD
166,4,847.14,Port Said,2024-12-30 03:08:30,3534.61,28,5651,CREDIT_CARD
167,2,2455.62,Port Said,2024-07-28 16:32:14,4122.06,12,5411,CREDIT_CARD
168,1,500.89,Port Said,2024-09-15 00:45:45,8013.27,89,5912,CREDIT_CARD
169,3,4647.54,Mansoura,2024-08-04 19:16:52,6138.5,7,5912,CREDIT_CARD
170,2,4238.76,Giza,2024-08-19 11:33:57,4053.89,2,5651,CREDIT_CARD
171,0,1270.17,Suez,2024-01-19 22:28:26,2601.01,71,5651,DEBIT
172,3,1264.27,Mansoura,2024-03-23 06:52:58,5721.24,48,5912,CREDIT_CARD
173,4,3323.92,Mansoura,2024-11-16 19:17:56,9431.36,65,5812,DEBIT
174,3,3895.37,Luxor,2024-12-26 01:13:43,8670.15,97,5812,CREDIT_CARD
175,2,3496.95,Alexandria,2024-10-26 05:03:26,1254.46,99,5941,CREDIT_CARD
176,3,1359.24,Mansoura,2024-07-25 21:08:19,2203.83,50,5912,CREDIT_CARD
177,3,2481.31,Aswan,2024-12-03 17:33:42,4543.5,50,5912,CREDIT_CARD
178,0,4326.61,Suez,2024-06-02 10:28:24,5622.08,89,5651,CREDIT_CARD
179,2,3667.61,Aswan,2024-08-07 06:39:45,1451.2,91,5651,DEBIT
180,3,952.24,Tanta,2024-04-05 05:30:02,6049.87,83,5999,DEBIT
181,1,4326.0,Fayoum,2024-04-15 22:16:46,5262.06,13,5912,DEBIT
182,2,4874.05,Luxor,2024-02-18 02:59:43,619.24,25,5912,CREDIT_CARD
183,1,1267.42,Luxor,2024-11-24 04:14:54,7125.75,40,5732,DEBIT
184,0,446.44,Fayoum,2024-09-09 11:02:32,8985.13,40,5999,CREDIT_CARD
185,2,4701.81,Cairo,2024-02-22 14:14:46,7965.47,2,5912,CREDIT_CARD
186,0,3308.53,Fayoum,2024-08-20 00:47:34,3794.01,47,5999,DEBIT
187,2,1106.18,Suez,2024-12-24 09:12:25,632.82,68,5732,CREDIT_CARD
188,0,3149.29,Luxor,2024-11-25 03:07:02,1788.73,87,5912,CREDIT_CARD
189,1,1221.3,Aswan,2024-11-25 15:24:37,9141.09,34,5912,CREDIT_CARD
190,0,3197.02,Aswan,2024-04-05 06:50:40,1529.06,25,5651,CREDIT_CARD
191,1,4343.08,Tanta,2024-06-09 12:31:19,3330.24,55,5411,DEBIT
192,3,4337.97,Cairo,2024-01-31 21:13:08,3241.5,83,5812,CREDIT_CARD
193,0,3831.16,Giza,2024-10-03 03:23:52,2116.97,5,5941,CREDIT_CARD
194,2,3293.18,Suez,2024-02-04 23:05:07,2303.39,9,5411,CREDIT_CARD
195,4,3140.32,Mansoura,2024-10-23 04:40:16,4903.16,30,5812,CREDIT_CARD
196,1,4894.15,Giza,2024-11-25 01:46:30,5936.05,46,5941,CREDIT_CARD
197,0,1349.78,Cairo,2024-05-11 01:29:22,8182.88,46,5999,CREDIT_CARD
198,2,2557.57,Mansoura,2024-05-05 00:07:12,3462.94,15,5812,CREDIT_CARD
199,2,825.31,Mansoura,2024-07-23 01:39:07,1201.9,78,5999,CREDIT_CARD
200,4,1214.36,Alexandria,2024-09-06 16:08:17,5578.4,46,5411,DEBIT
201,2,2297.6,Cairo,2024-07-01 00:44:42,7800.23,43,5941,DEBIT
202,3,1203.3,Luxor,2024-01-16 18:59:17,2094.3,36,5812,DEBIT
203,4,1057.21,Alexandria,2024-09-14 08:39:05,5873.49,82,5941,DEBIT
204,4,4604.62,Port Said,2024-08-08 22:44:49,6214.91,47,5912,CREDIT_CARD
205,2,3278.16,Aswan,2024-12-09 03:00:42,3045.78,77,5651,CREDIT_CARD
206,1,304.12,Port Said,2024-08-09 20:37:34,408.18,16,5912,CREDIT_CARD
207,2,398.62,Luxor,2024-09-10 23:44:57,5105.35,83,5912,DEBIT
208,1,1126.4,Fayoum,2024-05-08 02:38:39,4449.92,58,5999,DEBIT
209,1,3117.01,Mansoura,2024-09-14 23:38:24,4801.48,57,5651,DEBIT
210,2,122.58,Cairo,2024-09-22 13:06:53,9590.36,15,5651,CREDIT_CARD
211,3,1407.63,Fayoum,2024-06-16 09:45:10,4299.85,93,5732,CREDIT_CARD
212,0,4251.64,Mansoura,2024-10-16 03:45:16,1049.13,46,5732,CREDIT_CARD
213,3,2035.34,Tanta,2024-01-17 01:14:17,6478.61,18,5912,DEBIT
214,3,708.43,Mansoura,2024-07-22 13:25:54,2567.77,93,5812,CREDIT_CARD
215,1,2154.94,Mansoura,2024-11-21 03:05:15,6232.22,38,5941,DEBIT
216,2,3389.18,Alexandria,2024-08-08 00:35:23,7928.47,2,5732,CREDIT_CARD
217,4,1554.51,Alexandria,2024-11-04 01:14:22,8350.0,91,5411,CREDIT_CARD
218,3,54.21,Luxor,2024-12-20 19:03:52,612.9,50,5732,CREDIT_CARD
219,0,1744.44,Giza,2024-11-10 17:55:08,4313.07,61,5651,DEBIT
220,4,4631.59,Port Said,2024-06-26 22:00:36,2310.87,24,5651,DEBIT
221,1,2480.03,Alexandria,2024-11-05 19:41:48,2112.93,36,5812,DEBIT
222,4,378.16,Alexandria,2024-09-03 09:42:56,1470.66,55,5941,DEBIT
223,0,1431.93,Fayoum,2024-05-18 13:21:12,1768.79,4,5912,CREDIT_CARD
224,3,3859.88,Aswan,2024-07-24 21:20:46,2074.93,44,5651,DEBIT
225,3,1607.15,Giza,2024-12-06 07:07:31,4392.71,47,5411,DEBIT
226,0,2950.87,Port Said,2024-03-20 13:39:39,4626.07,10,5999,CREDIT_CARD
227,1,1013.14,Alexandria,2024-07-25 19:39:03,7642.66,42,5999,DEBIT
228,3,4775.55,Cairo,2024-12-06 22:24:02,7723.82,35,5411,DEBIT
229,3,4141.35,Port Said,2024-06-23 17:32:43,4589.14,41,5999,DEBIT
230,0,1703.6,Port Said,2024-11-07 05:57:24,6861.33,61,5732,DEBIT
231,1,1094.61,Tanta,2024-05-03 19:42:22,4555.05,43,5732,DEBIT
232,4,1186.32,Aswan,2024-02-06 06:54:34,5315.33,16,5732,DEBIT
233,3,2610.38,Suez,2024-07-18 23:19:32,6318.32,73,5941,DEBIT
234,1,4500.55,Mansoura,2024-08-17 13:17:00,231.46,77,5651,DEBIT
235,0,294.12,Suez,2024-03-20 11:55:01,2595.09,35,5732,CREDIT_CARD
236,0,2320.27,Giza,2024-06-11 03:52:40,1569.07,74,5812,DEBIT
237,2,1517.77,Aswan,2024-07-30 10:10:13,2846.41,31,5651,DEBIT
238,0,4842.95,Alexandria,2024-09-08 11:06:00,643.99,87,5912,DEBIT
239,2,3159.59,Suez,2024-04-09 22:50:37,5486.09,99,5411,CREDIT_CARD
240,2,2346.99,Mansoura,2024-01-15 03:09:54,5911.62,38,5912,CREDIT_CARD
241,0,2553.15,Cairo,2024-05-26 20:05:38,9611.12,86,5941,CREDIT_CARD
242,4,822.7,Fayoum,2024-10-10 07:33:27,2805.68,3,5651,CREDIT_CARD
243,2,4163.39,Luxor,2024-08-21 21:05:16,874.06,85,5941,DEBIT
244,1,3583.55,Luxor,2024-05-17 22:49:05,9470.88,17,5411,CREDIT_CARD
245,4,3538.37,Suez,2024-12-09 17:58:00,7563.56,3,5411,DEBIT
246,1,3935.81,Aswan,2024-04-27 10:54:46,9108.79,61,5651,CREDIT_CARD
247,1,618.29,Mansoura,2024-05-27 07:53:35,5997.02,55,5411,DEBIT
248,2,1627.33,Mansoura,2024-10-29 05:17:11,9490.98,92,5411,DEBIT
249,3,2011.22,Mansoura,2024-08-03 10:55:26,999.86,71,5912,DEBIT
250,2,3352.51,Luxor,2024-10-22 03:36:54,5994.55,57,5732,CREDIT_CARD
251,3,1990.34,Tanta,2024-04-17 06:59:42,4405.19,88,5812,DEBIT
252,1,2187.31,Port Said,2024-07-22 15:09:20,9609.91,67,5812,CREDIT_CARD
253,4,4020.35,Tanta,2024-07-20 22:00:36,7364.68,14,5999,DEBIT
254,3,4298.62,Cairo,2024-07-08 23:26:02,6811.35,76,5812,DEBIT
255,3,1528.72,Fayoum,2025-01-05 03:43:46,4268.41,65,5999,DEBIT
256,3,3447.05,Port Said,2024-05-08 14:56:20,7429.06,7,5999,DEBIT
257,1,2436.26,Mansoura,2024-08-16 02:48:43,6079.77,78,5999,CREDIT_CARD
258,3,1346.32,Tanta,2024-11-17 12:02:37,8159.04,74,5732,DEBIT
259,1,2823.45,Giza,2024-08-22 02:36:27,5739.74,73,5912,DEBIT
260,4,1413.51,Cairo,2024-05-27 17:27:45,8862.86,88,5732,CREDIT_CARD
261,2,1230.02,Suez,2024-07-29 08:34:51,8982.59,23,5999,CREDIT_CARD
262,1,4605.26,Mansoura,2024-08-09 10:45:21,1920.36,62,5651,DEBIT
263,4,113.95,Port Said,2024-05-14 23:37:59,1742.32,83,5651,DEBIT
264,3,4834.52,Alexandria,2024-06-24 12:36:00,8085.91,23,5411,CREDIT_CARD
265,1,4815.58,Cairo,2024-05-10 14:09:38,778.99,78,5912,CREDIT_CARD
266,2,2003.01,Suez,2024-09-29 19:24:23,6820.46,28,5999,CREDIT_CARD
267,4,1154.13,Fayoum,2024-04-25 02:16:08,7676.74,10,5651,DEBIT
268,4,2224.07,Aswan,2024-09-14 14:37:54,7736.54,9,5941,CREDIT_CARD
269,2,4334.93,Fayoum,2024-03-01 03:04:34,1457.97,19,5812,DEBIT
270,4,685.12,Aswan,2024-06-10 11:35:18,7365.57,54,5651,CREDIT_CARD
271,4,812.15,Mansoura,2024-11-11 14:07:46,6125.39,88,5812,CREDIT_CARD
272,2,1093.64,Port Said,2024-04-15 20:38:10,1153.74,47,5411,DEBIT
273,4,3186.38,Fayoum,2024-05-27 18:08:02,1208.89,6,5411,CREDIT_CARD
274,4,1894.4,Suez,2024-11-15 10:16:49,9364.52,73,5411,CREDIT_CARD
275,1,2707.99,Luxor,2024-10-08 16:54:54,3027.05,91,5411,CREDIT_CARD
276,4,4362.0,Suez,2024-07-01 08:05:50,8237.41,5,5912,DEBIT
277,1,4563.52,Suez,2024-04-17 14:16:37,2845.51,10,5812,DEBIT
278,1,692.59,Cairo,2024-06-14 21:23:25,2715.61,71,5812,DEBIT
279,4,2179.72,Mansoura,2024-09-28 15:05:24,2465.74,57,5732,CREDIT_CARD
280,2,948.68,Luxor,2024-05-21 15:31:42,4868.57,57,5912,DEBIT
281,0,3436.88,Tanta,2024-05-21 03:22:14,9314.55,80,5999,DEBIT
282,0,3177.36,Mansoura,2024-05-12 06:19:02,6627.13,57,5912,CREDIT_CARD
283,2,3177.85,Suez,2024-02-18 07:01:51,8794.65,73,5411,DEBIT
284,3,4590.33,Alexandria,2024-09-16 15:46:45,1943.86,42,5732,DEBIT
285,1,4992.2,Fayoum,2024-11-01 15:23:02,3000.1,10,5651,CREDIT_CARD
286,4,4938.39,Mansoura,2024-08-28 21:32:41,920.1,99,5999,CREDIT_CARD
287,4,2036.32,Mansoura,2024-12-16 02:02:23,5068.69,94,5732,DEBIT
288,2,1860.54,Mansoura,2024-03-28 20:49:46,1110.52,12,5812,CREDIT_CARD
289,3,2043.93,Suez,2024-07-29 13:02:42,8454.3,82,5812,CREDIT_CARD
290,2,4929.41,Cairo,2024-05-13 08:15:06,3749.16,74,5941,CREDIT_CARD
291,0,4199.55,Aswan,2024-08-27 03:23:42,172.71,70,5732,CREDIT_CARD
292,2,395.78,Fayoum,2024-07-10 21:36:30,9439.29,63,5411,DEBIT
293,3,991.0,Suez,2024-12-08 01:55:22,7944.43,42,5941,DEBIT
294,3,1932.37,Alexandria,2024-08-23 18:41:52,296.2,3,5912,DEBIT
295,3,3590.86,Giza,2024-01-14 23:52:50,5189.48,22,5812,DEBIT
296,2,3615.51,Tanta,2024-08-12 05:52:39,3160.47,29,5732,DEBIT
297,0,4974.89,Fayoum,2024-06-19 10:09:33,1361.83,66,5912,DEBIT
298,2,4892.34,Alexandria,2024-05-17 20:22:07,7580.45,5,5732,CREDIT_CARD
299,3,3791.91,Suez,2024-02-09 12:56:17,591.13,6,5812,DEBIT
300,3,3549.82,Tanta,2024-09-03 23:18:02,8900.42,49,5651,CREDIT_CARD
301,3,153.02,Fayoum,2024-12-17 04:57:48,9944.53,63,5999,CREDIT_CARD
302,3,2032.45,Fayoum,2024-11-09 11:03:00,9441.22,70,5999,CREDIT_CARD
303,3,886.31,Suez,2024-10-29 11:09:55,5666.45,89,5812,DEBIT
304,0,4114.71,Fayoum,2024-10-08 07:28:08,5757.83,92,5651,DEBIT
305,0,2766.01,Mansoura,2024-02-08 03:33:25,8818.88,42,5999,DEBIT
306,1,1559.36,Aswan,2024-11-16 04:09:45,5411.96,56,5912,DEBIT
307,2,2615.07,Luxor,2024-03-07 16:27:43,2409.08,53,5732,CREDIT_CARD
308,1,2388.06,Suez,2024-02-26 05:38:38,6000.38,14,5912,CREDIT_CARD
309,2,4092.07,Port Said,2024-11-21 09:46:55,8716.06,64,5999,CREDIT_CARD
310,3,3478.91,Port Said,2024-01-19 15:48:21,5178.5,31,5941,DEBIT
311,1,1951.19,Suez,2024-01-20 14:06:56,1848.64,12,5732,DEBIT
312,2,2903.22,Giza,2024-03-18 04:12:26,2399.51,46,5941,CREDIT_CARD
313,3,1685.02,Aswan,2025-01-01 21:53:05,1332.2,85,5651,CREDIT_CARD
314,0,1095.61,Giza,2024-06-08 03:04:48,4544.06,52,5411,CREDIT_CARD
315,0,4578.6,Aswan,2024-05-28 00:23:07,4006.49,91,5411,DEBIT
316,3,1461.91,Giza,2024-12-27 09:03:28,6543.88,60,5812,CREDIT_CARD
317,2,2935.31,Giza,2024-09-18 03:00:43,4302.62,57,5941,DEBIT
318,1,3111.99,Cairo,2024-10-14 19:05:33,7106.0,13,5651,CREDIT_CARD
319,0,3978.56,Mansoura,2024-03-14 08:26:42,8151.47,61,5812,CREDIT_CARD
320,2,4204.65,Suez,2024-07-08 06:07:39,7498.37,55,5812,CREDIT_CARD
321,3,1589.79,Mansoura,2024-07-05 00:41:45,1123.31,14,5651,DEBIT
322,3,1650.76,Mansoura,2024-05-13 07:21:22,3235.17,37,5411,DEBIT
323,4,278.9,Port Said,2024-07-15 06:49:14,6028.95,34,5999,CREDIT_CARD
324,3,1882.62,Luxor,2024-06-17 07:23:46,7529.54,22,5732,CREDIT_CARD
325,3,1838.01,Alexandria,2024-12-23 08:44:13,5991.93,96,5411,CREDIT_CARD
326,0,1626.45,Aswan,2024-09-28 13:01:08,3200.0,25,5812,CREDIT_CARD
327,1,4258.53,Aswan,2024-06-30 01:31:59,2108.39,4,5912,DEBIT
328,0,4897.55,Alexandria,2024-09-25 18:50:53,9585.39,95,5999,DEBIT
329,2,619.83,Mansoura,2024-10-22 12:14:44,184.91,37,5999,DEBIT
330,1,311.32,Giza,2024-02-16 19:37:19,389.33,51,5812,CREDIT_CARD
331,1,685.78,Aswan,2024-10-12 19:57:45,6347.2,19,5732,CREDIT_CARD
332,4,2836.18,Alexandria,2024-05-19 23:00:52,5945.26,77,5411,DEBIT
333,4,3021.89,Cairo,2024-09-02 20:08:14,6051.11,40,5999,DEBIT
334,3,32.41,Tanta,2024-05-24 07:23:15,7220.26,7,5912,CREDIT_CARD
335,4,4970.4,Mansoura,2024-09-01 15:31:49,9754.53,9,5941,CREDIT_CARD
336,3,1036.09,Giza,2024-06-25 09:49:32,133.83,91,5812,DEBIT
337,3,1775.95,Aswan,2024-12-09 08:10:22,348.16,89,5411,CREDIT_CARD
338,2,4238.98,Giza,2024-03-06 20:24:05,4557.23,20,5941,DEBIT
339,2,4729.74,Suez,2024-11-02 13:01:06,9752.28,50,5651,CREDIT_CARD
340,0,2711.13,Aswan,2024-09-08 10:21:51,8194.58,12,5912,DEBIT
341,1,4964.38,Mansoura,2024-09-21 01:57:24,9740.83,20,5651,DEBIT
342,3,245.07,Giza,2024-10-19 09:12:40,3413.59,12,5812,DEBIT
343,3,1105.35,Aswan,2024-02-16 17:25:59,2949.98,39,5411,DEBIT
344,1,731.37,Mansoura,2024-03-23 09:03:46,2249.08,55,5912,DEBIT
345,2,3753.96,Tanta,2024-05-12 11:35:37,3234.23,58,5999,CREDIT_CARD
346,4,2485.18,Tanta,2024-07-15 12:08:10,5077.82,26,5999,DEBIT
347,1,2863.18,Alexandria,2024-01-23 14:30:13,4260.48,94,5732,CREDIT_CARD
348,4,1873.68,Luxor,2024-07-17 21:02:39,9369.05,60,5651,DEBIT
349,1,3636.54,Mansoura,2024-03-19 05:23:41,2312.82,88,5651,CREDIT_CARD
350,4,2845.83,Fayoum,2024-07-06 16:37:50,6002.44,52,5999,CREDIT_CARD
351,4,1344.0,Suez,2024-07-13 08:04:41,3090.67,97,5912,DEBIT
352,2,3907.95,Suez,2024-04-26 00:19:22,751.87,54,5411,CREDIT_CARD
353,4,1373.94,Giza,2024-11-13 13:39:44,8859.27,80,5999,CREDIT_CARD
354,4,3742.66,Tanta,2024-02-05 12:10:14,2067.19,37,5732,CREDIT_CARD
355,1,1381.97,Port Said,2024-09-13 04:30:54,8857.06,93,5411,CREDIT_CARD
356,0,2393.06,Luxor,2024-10-03 22:08:39,1189.49,56,5812,CREDIT_CARD
357,1,1111.97,Alexandria,2024-03-04 16:10:57,4805.0,58,5912,DEBIT
358,1,2993.69,Tanta,2024-04-28 08:14:59,2805.81,1,5912,DEBIT
359,3,4249.66,Port Said,2024-12-16 08:08:13,5747.34,95,5411,DEBIT
360,1,1883.54,Luxor,2024-02-08 06:54:10,210.4,16,5999,DEBIT
361,2,1702.64,Giza,2024-07-13 05:31:02,1803.07,9,5732,DEBIT
362,1,1521.4,Alexandria,2024-10-29 20:05:49,7125.37,39,5999,DEBIT
363,2,4799.99,Suez,2024-10-11 02:24:07,1186.02,9,5732,DEBIT
364,2,3739.11,Mansoura,2024-07-25 10:29:39,7886.35,65,5912,DEBIT
365,2,4759.58,Fayoum,2024-03-10 13:47:47,2406.16,42,5941,CREDIT_CARD
366,3,4155.21,Tanta,2024-08-08 15:50:28,9893.01,91,5999,CREDIT_CARD
367,0,3729.88,Mansoura,2024-10-09 02:01:29,802.36,27,5651,DEBIT
368,4,3852.41,Giza,2024-02-21 08:56:16,8109.32,46,5812,CREDIT_CARD
369,0,4119.53,Giza,2024-08-17 21:46:59,7115.74,10,5732,DEBIT
370,1,2821.74,Cairo,2024-03-17 10:52:36,4866.41,42,5912,CREDIT_CARD
371,4,2233.73,Alexandria,2025-01-10 08:53:35,4936.6,60,5941,CREDIT_CARD
372,0,2703.45,Fayoum,2024-09-08 14:29:36,1098.37,64,5411,DEBIT
373,0,1970.12,Tanta,2024-10-25 00:28:25,538.85,78,5651,DEBIT
374,1,4848.1,Cairo,2024-05-20 09:47:50,6655.23,80,5411,CREDIT_CARD
375,4,2675.04,Cairo,2024-11-22 00:20:30,8450.58,63,5812,DEBIT
376,4,3922.87,Fayoum,2024-05-09 01:08:38,4626.38,47,5912,DEBIT
377,0,616.11,Tanta,2024-05-22 06:57:16,5357.48,94,5732,CREDIT_CARD
378,2,77.52,Fayoum,2024-08-10 12:48:30,8620.99,74,5812,CREDIT_CARD
379,2,1422.33,Mansoura,2024-05-26 13:12:46,666.77,89,5651,DEBIT
380,2,4788.03,Port Said,2024-08-02 10:06:14,2094.05,2,5411,DEBIT
381,1,3690.3,Tanta,2024-07-07 23:19:22,9297.24,34,5912,CREDIT_CARD
382,2,2840.59,Cairo,2024-12-17 05:48:06,1704.51,40,5651,CREDIT_CARD
383,2,2188.57,Port Said,2024-11-24 18:31:30,8548.25,12,5812,DEBIT
384,1,2232.45,Giza,2024-10-23 19:43:54,7849.94,21,5941,DEBIT
385,3,3220.6,Mansoura,2024-12-13 19:37:16,5582.64,72,5411,CREDIT_CARD
386,0,466.2,Cairo,2024-04-13 12:49:40,2252.11,73,5999,CREDIT_CARD
387,1,683.59,Port Said,2024-08-31 14:42:50,3368.13,14,5651,DEBIT
388,0,1735.71,Alexandria,2024-02-29 13:46:51,7245.85,73,5812,DEBIT
389,3,4661.77,Suez,2024-09-03 10:24:57,3345.14,36,5812,CREDIT_CARD
390,0,2375.75,Mansoura,2024-04-07 01:03:10,6884.44,93,5651,CREDIT_CARD
391,3,3027.82,Fayoum,2024-12-25 11:12:25,967.28,24,5812,CREDIT_CARD
392,1,1216.12,Mansoura,2024-02-07 23:14:26,4531.86,87,5651,DEBIT
393,2,2343.43,Alexandria,2024-03-17 05:36:43,1589.45,75,5651,DEBIT
394,0,4859.38,Alexandria,2024-02-08 15:41:18,5437.28,79,5812,DEBIT
395,4,715.52,Luxor,2024-07-24 12:29:39,3224.74,67,5732,DEBIT
396,3,1388.54,Mansoura,2024-12-09 14:07:18,264.0,33,5999,CREDIT_CARD
397,3,4900.46,Luxor,2024-03-20 12:59:10,5481.08,78,5999,DEBIT
398,4,904.47,Cairo,2024-02-27 15:02:25,786.53,17,5912,DEBIT
399,4,1823.93,Port Said,2024-12-11 19:27:20,5735.19,35,5912,CREDIT_CARD
400,1,4110.96,Cairo,2024-02-01 08:05:33,9461.03,77,5651,DEBIT
401,1,259.63,Mansoura,2024-07-14 15:39:49,9994.26,84,5941,CREDIT_CARD
402,4,1344.89,Port Said,2024-09-17 01:34:11,4007.49,45,5999,DEBIT
403,0,938.52,Mansoura,2024-01-17 08:57:08,1377.69,53,5812,DEBIT
404,4,3962.75,Alexandria,2024-09-01 04:02:03,9602.3,13,5812,DEBIT
405,4,3857.49,Luxor,2024-08-25 23:31:58,7303.64,23,5812,CREDIT_CARD
406,2,2873.4,Suez,2024-12-20 07:09:54,5868.72,61,5732,CREDIT_CARD
407,4,2542.15,Giza,2024-05-04 10:46:41,1890.75,65,5732,CREDIT_CARD
408,1,3819.33,Luxor,2024-02-04 13:20:04,8909.21,60,5912,CREDIT_CARD
409,2,4034.07,Alexandria,2024-08-18 14:49:57,4946.12,93,5732,CREDIT_CARD
410,4,2451.33,Alexandria,2024-07-17 23:54:17,4211.62,82,5411,DEBIT
411,3,317.62,Luxor,2024-10-10 08:17:44,5959.94,76,5999,CREDIT_CARD
412,0,2305.31,Giza,2024-09-01 21:23:04,2910.66,99,5411,CREDIT_CARD
413,0,2695.68,Fayoum,2024-10-23 20:04:10,5452.05,11,5651,DEBIT
414,0,159.18,Tanta,2024-06-07 06:52:27,1715.59,5,5651,DEBIT
415,3,876.26,Luxor,2024-07-01 04:07:33,4582.48,86,5411,CREDIT_CARD
416,2,3013.1,Tanta,2024-11-15 08:10:25,1419.79,86,5651,DEBIT
417,2,1171.15,Cairo,2024-01-25 15:54:17,9618.22,2,5732,CREDIT_CARD
418,1,120.58,Aswan,2024-06-18 17:50:57,9747.93,73,5941,DEBIT
419,3,4879.22,Aswan,2024-06-29 01:06:45,9241.31,93,5999,DEBIT
420,3,3984.44,Suez,2024-04-29 09:37:34,622.02,39,5732,CREDIT_CARD
421,3,1970.22,Cairo,2024-12-22 10:49:40,3663.65,5,5651,DEBIT
422,4,2583.81,Port Said,2024-09-06 08:02:56,296.87,20,5912,CREDIT_CARD
423,1,3886.04,Fayoum,2024-03-07 15:45:36,172.2,65,5732,CREDIT_CARD
424,1,4904.76,Luxor,2024-02-26 06:07:17,9641.52,36,5912,CREDIT_CARD
425,0,829.11,Giza,2025-01-07 19:29:59,2698.47,3,5411,CREDIT_CARD
426,4,224.42,Port Said,2024-10-17 02:17:42,1997.18,44,5812,CREDIT_CARD
427,3,1694.89,Tanta,2024-07-31 16:04:52,5891.85,55,5411,CREDIT_CARD
428,0,4922.36,Suez,2024-03-26 23:20:46,2269.6,21,5999,DEBIT
429,3,800.87,Tanta,2024-07-09 12:45:28,6382.81,40,5912,CREDIT_CARD
430,0,85.03,Cairo,2024-04-28 22:55:05,515.98,73,5411,CREDIT_CARD
431,3,2137.32,Suez,2024-09-04 11:42:17,4045.27,21,5651,DEBIT
432,1,3387.51,Giza,2024-12-26 06:43:14,1954.38,38,5651,DEBIT
433,0,2256.43,Luxor,2024-08-29 14:32:34,9197.51,4,5999,DEBIT
434,4,57.68,Port Said,2024-05-12 22:35:05,9143.01,99,5411,DEBIT
435,0,230.23,Luxor,2024-08-03 16:37:58,2384.57,74,5941,CREDIT_CARD
436,1,1991.21,Suez,2024-04-07 10:28:14,9499.66,79,5812,DEBIT
437,3,4039.29,Luxor,2024-08-27 01:06:45,3439.18,26,5812,DEBIT
438,1,3812.9,Luxor,2024-09-12 17:29:48,721.68,90,5912,CREDIT_CARD
439,2,505.01,Aswan,2024-02-03 22:29:54,3019.84,34,5732,CREDIT_CARD
440,3,3922.19,Port Said,2024-12-30 18:33:07,3603.15,78,5732,CREDIT_CARD
441,2,483.56,Giza,2024-07-10 06:41:08,3624.26,61,5411,DEBIT
442,3,907.9,Suez,2024-09-14 21:23:24,6932.12,27,5732,CREDIT_CARD
443,0,1608.23,Cairo,2024-06-25 21:26:49,9424.16,45,5651,DEBIT
444,4,1604.82,Luxor,2024-04-19 11:51:30,6337.4,54,5651,DEBIT
445,4,935.82,Port Said,2024-08-26 21:11:06,3599.92,74,5411,DEBIT
446,1,2895.01,Cairo,2024-05-02 19:30:18,8944.91,74,5812,CREDIT_CARD
447,3,2425.03,Alexandria,2024-08-05 19:39:42,7608.59,4,5732,DEBIT
448,0,2499.69,Luxor,2024-10-26 01:53:33,4319.8,48,5812,CREDIT_CARD
449,2,3878.69,Mansoura,2024-05-28 08:19:07,3127.1,11,5912,DEBIT
450,0,3149.46,Alexandria,2024-12-02 08:44:46,6882.9,96,5732,DEBIT
451,2,448.64,Fayoum,2024-06-11 04:52:20,2650.94,88,5941,CREDIT_CARD
452,1,2362.62,Luxor,2024-12-22 05:38:06,7748.93,6,5411,DEBIT
453,3,2859.74,Cairo,2024-08-02 23:47:41,312.55,55,5812,CREDIT_CARD
454,1,2113.02,Giza,2024-08-07 18:09:21,2472.99,57,5812,CREDIT_CARD
455,2,2914.81,Giza,2024-06-18 01:04:51,5795.96,8,5941,CREDIT_CARD
456,2,3544.31,Port Said,2024-04-08 23:50:41,5564.76,7,5651,DEBIT
457,2,1018.59,Aswan,2024-04-16 05:13:49,7323.95,90,5812,DEBIT
458,2,596.97,Tanta,2024-10-26 14:00:48,2164.12,71,5812,CREDIT_CARD
459,0,4343.81,Mansoura,2024-03-22 21:26:48,2174.88,65,5912,DEBIT
460,0,1525.3,Port Said,2024-12-19 07:43:00,4595.63,4,5812,DEBIT
461,1,579.76,Giza,2024-02-13 04:44:53,4949.02,76,5941,CREDIT_CARD
462,0,1979.0,Port Said,2024-02-07 05:19:14,4270.92,41,5411,CREDIT_CARD
463,4,2963.36,Port Said,2024-10-23 11:58:06,586.57,12,5732,CREDIT_CARD
464,0,4526.17,Cairo,2024-10-12 06:33:56,1058.54,80,5651,CREDIT_CARD
465,2,2938.39,Suez,2024-07-18 20:52:53,8893.25,32,5941,DEBIT
466,4,961.12,Mansoura,2024-01-26 22:37:46,3176.19,12,5941,CREDIT_CARD
467,2,3826.11,Luxor,2025-01-10 17:11:44,4978.91,90,5812,DEBIT
468,4,4838.01,Mansoura,2024-05-27 19:32:50,4375.13,21,5651,CREDIT_CARD
469,1,3075.92,Aswan,2024-10-16 22:28:35,923.1,32,5411,DEBIT
470,4,4404.89,Giza,2024-12-16 02:19:47,7782.23,49,5912,DEBIT
471,4,4227.73,Aswan,2024-12-04 18:55:08,9696.37,96,5812,DEBIT
472,3,4724.01,Suez,2024-07-17 01:05:57,908.7,26,5411,CREDIT_CARD
473,2,1245.86,Tanta,2025-01-06 22:27:40,8420.68,50,5912,DEBIT
474,2,1944.03,Fayoum,2024-05-30 11:19:37,6941.31,33,5411,DEBIT
475,0,4496.2,Fayoum,2024-01-26 18:21:04,3162.38,4,5941,CREDIT_CARD
476,4,489.78,Port Said,2024-02-10 08:50:45,4753.36,84,5999,CREDIT_CARD
477,2,4463.85,Fayoum,2024-03-29 02:47:20,6918.44,47,5941,DEBIT
478,1,4584.66,Luxor,2024-12-24 18:05:17,2013.72,15,5411,CREDIT_CARD
479,0,2801.83,Alexandria,2024-03-04 00:32:00,270.51,69,5651,CREDIT_CARD
480,0,3458.52,Suez,2024-04-13 06:15:23,2147.55,99,5999,CREDIT_CARD
481,2,3029.1,Tanta,2024-09-21 06:18:46,2327.22,64,5941,DEBIT
482,1,4621.24,Aswan,2024-09-06 17:19:54,7264.56,47,5941,DEBIT
483,3,3895.8,Tanta,2024-04-13 09:30:11,3195.37,37,5732,DEBIT
484,3,1348.9,Luxor,2024-03-06 19:48:23,9527.68,30,5999,DEBIT
485,2,305.15,Aswan,2024-02-04 15:45:35,3766.91,91,5999,CREDIT_CARD
486,1,4643.63,Suez,2024-09-10 00:00:56,7602.53,17,5411,DEBIT
487,0,4719.18,Mansoura,2024-05-19 15:23:29,9985.32,14,5411,CREDIT_CARD
488,4,2300.87,Alexandria,2025-01-06 10:31:55,5602.48,56,5651,DEBIT
489,0,2458.42,Fayoum,2024-01-13 19:05:46,6096.36,41,5912,DEBIT
490,3,4376.89,Suez,2025-01-09 09:21:56,8029.3,80,5732,DEBIT
491,1,853.76,Suez,2024-02-05 15:00:21,9645.09,69,5651,CREDIT_CARD
492,0,3869.84,Mansoura,2024-12-26 12:37:11,4366.1,3,5941,CREDIT_CARD
493,3,2630.46,Mansoura,2024-11-30 09:07:54,1333.46,94,5411,CREDIT_CARD
494,4,484.55,Aswan,2024-04-21 06:54:02,3866.79,47,5651,CREDIT_CARD
495,1,1744.53,Giza,2024-01-15 19:16:27,6131.19,13,5941,DEBIT
496,2,4279.36,Cairo,2024-07-26 23:49:06,7467.56,4,5941,DEBIT
497,2,442.66,Aswan,2024-01-14 04:43:10,9533.56,14,5812,DEBIT
498,4,2160.44,Cairo,2024-11-13 11:44:22,4232.73,83,5651,DEBIT
499,0,3538.91,Luxor,2024-02-05 06:52:00,9335.85,66,5411,CREDIT_CARD
